show_id,views,avg_watch_time_mins,user_rating
s4971,1742743,91,5.9
s3363,4354572,44,9.0
s5495,4976484,167,9.3
s1689,2284489,167,9.0
s1350,1620006,143,4.2
s4863,1186074,76,8.6
s2677,4094887,89,6.4
s488,1289911,16,9.1
s1672,4522471,23,7.7
s5029,2188242,82,8.8
s6652,4573669,152,6.9
s6593,1816891,158,7.1
s8464,4571373,172,4.8
s3986,3394769,75,8.5
s2692,841743,100,6.4
s5235,153355,139,6.9
s7750,1312752,172,8.6
s8621,1446025,29,7.5
s4996,1357371,19,5.2
s7208,967040,34,7.4
s2522,2303882,34,6.4
s6035,3580409,63,6.7
s240,4899115,42,4.2
s5665,4771339,173,5.2
s2134,4892447,104,5.6
s7051,1550942,23,8.1
s8148,4310029,74,4.1
s6932,3325709,119,6.4
s7118,134654,89,9.4
s1047,2004354,63,4.6
s5107,2466182,134,7.0
s6568,3524675,140,8.6
s5401,2702991,178,9.5
s3071,2478388,143,8.3
s8409,578178,34,8.2
s3188,2713046,150,8.8
s6728,2636644,126,6.6
s6714,2620406,145,8.7
s5723,3466664,158,4.0
s96,3435659,34,9.4
s8678,3435357,88,6.6
s3788,2845513,77,7.2
s7536,1515689,21,5.5
s222,118148,41,8.3
s995,1875665,137,4.4
s3122,2795683,105,9.1
s7441,3447723,101,8.8
s6235,3053758,150,5.3
s2253,4106518,40,8.7
s1116,2719995,87,8.6
s5220,4500812,29,7.7
s510,4848669,155,6.2
s7129,1920928,69,5.6
s8421,4205299,143,5.3
s5787,2607489,169,5.8
s8034,1823415,102,9.2
s319,2355413,52,4.5
s6936,3960197,139,8.8
s5533,321836,69,6.0
s6865,3634702,160,7.0
s3890,2145505,40,8.6
s3356,2349435,14,9.1
s8191,246769,171,6.0
s3899,2708505,19,6.7
s6848,1321741,98,6.4
s1227,3819315,139,4.1
s81,1096797,135,5.7
s4569,3097262,20,6.7
s1189,1634398,168,6.4
s2699,2635031,65,8.2
s5770,614685,92,6.2
s3018,2929190,146,6.8
s8355,1361736,108,6.5
s1057,1057293,158,8.3
s6291,4824183,82,9.0
s4339,3416612,165,7.1
s6424,73247,124,8.6
s6799,2754238,16,5.7
s4487,2680708,89,7.1
s2826,3544679,153,6.0
s2318,1817640,106,6.4
s4668,2663740,13,8.2
s6538,1335160,13,9.1
s5287,1475472,112,4.7
s767,98984,49,7.7
s1700,2450070,26,7.4
s334,3315879,110,4.7
s683,1554384,112,5.2
s759,2280919,133,5.8
s7776,1802126,61,5.0
s4408,4380634,61,5.4
s4422,1787095,173,5.6
s6772,2161138,133,5.9
s6750,4830450,175,8.3
s8661,2159818,72,7.3
s8506,2281785,125,9.7
s8636,4533302,71,6.4
s7168,2998089,16,8.4
s6061,2775928,164,9.1
s539,3903339,101,7.9
s223,1893400,23,6.4
s3853,1129111,95,8.4
s4902,1046107,142,5.2
s6490,3571441,139,5.9
s7938,4595583,71,7.2
s347,1920230,158,7.3
s8801,3797389,88,4.1
s2302,4192807,158,9.5
s7838,4733874,147,8.0
s8587,3652279,67,6.9
s6835,2171690,129,9.4
s8712,3041650,176,6.5
s5122,541234,142,9.7
s6703,1998260,74,7.0
s4255,4383486,22,4.7
s8475,1571101,91,8.4
s4568,4428368,169,7.9
s7856,4458324,173,8.5
s3480,3186729,148,9.5
s5675,947421,158,8.5
s2949,172409,61,7.5
s5614,2066716,126,9.0
s5992,2400770,35,7.9
s3946,819598,43,6.4
s2068,3317824,61,9.1
s2088,3381068,121,5.3
s1963,3306415,91,8.1
s2532,924371,166,9.1
s555,2882868,175,8.2
s2985,3922998,51,8.0
s8375,1023548,30,8.4
s2700,3394014,51,6.7
s5506,1263475,150,9.1
s4490,3520495,122,5.2
s1619,3009034,114,4.7
s1200,4624293,26,5.7
s8074,93585,129,7.1
s8519,3107213,146,7.0
s1072,2589448,178,8.8
s7497,159556,138,6.3
s6358,1625557,139,6.8
s3571,4077419,69,4.1
s2749,4444539,57,6.4
s4908,2173091,38,7.8
s3456,2059021,106,4.1
s1347,1251482,19,5.6
s1220,592335,67,5.2
s7943,3483977,30,4.2
s1373,4320070,37,6.8
s4383,3610920,43,5.1
s648,2534413,17,8.3
s7039,2957360,88,8.9
s6659,2832592,154,7.2
s5575,2285000,96,9.7
s2288,4372252,97,6.6
s6825,452690,78,7.0
s3482,4743350,169,9.7
s5937,2598421,96,5.3
s3961,4266263,110,9.5
s5767,3856618,17,4.2
s8145,2004109,86,6.6
s4861,4472880,96,4.4
s2922,3162754,52,8.2
s6826,1434250,138,7.5
s7986,4075717,118,8.1
s5263,111087,161,6.2
s5007,1546176,161,6.1
s3579,1936013,26,4.3
s5563,4684096,142,6.0
s8235,89353,157,9.4
s1618,3410011,30,6.2
s1609,4309622,67,8.8
s6746,466880,168,8.9
s8691,863168,119,6.2
s1996,275281,148,7.7
s6537,3167697,152,4.6
s7815,3832875,144,4.6
s2273,3045765,37,4.3
s316,319536,60,7.4
s4271,4422093,14,6.5
s15,1611729,14,7.2
s4864,2272809,103,7.0
s8255,731669,105,6.0
s5269,3914822,17,7.9
s2719,1169043,73,8.4
s6477,3379462,147,4.1
s1731,2256903,47,5.2
s1660,1791093,120,8.1
s7584,2608231,121,6.2
s4048,4350385,90,7.8
s4901,3130389,145,6.0
s7971,1711909,113,6.3
s5737,2706138,162,4.9
s6253,160078,82,5.5
s4748,1965631,58,7.5
s8684,1454104,45,6.5
s2400,2058187,135,8.5
s6821,1709066,77,8.9
s1473,4223125,87,7.1
s1617,2198815,114,8.4
s8319,4074066,178,5.8
s5724,4556259,131,6.4
s7212,4185314,128,8.1
s842,960681,123,6.2
s4394,1657618,19,7.4
s4862,3946830,158,5.1
s3379,4386787,173,7.5
s7864,2805423,149,9.0
s8750,2083350,100,9.0
s1919,2361987,11,8.2
s8541,4646200,127,8.3
s2115,4721399,22,7.2
s3775,121295,169,7.4
s7360,793974,104,4.8
s5314,3495376,153,6.6
s2319,3662600,41,6.6
s4990,875816,41,9.6
s5071,424705,133,6.5
s2883,3767270,20,7.2
s4632,1906926,19,7.1
s5191,1708845,24,7.7
s6268,2076793,26,8.3
s5801,604594,177,5.3
s5956,197718,155,7.1
s1124,4889567,162,8.8
s7851,3554473,68,6.7
s1003,2254664,87,5.6
s3299,4391747,133,7.8
s7066,1569163,123,8.8
s3383,4617920,31,4.4
s8092,736976,167,8.5
s6823,2522189,41,8.8
s38,3191259,122,6.7
s7383,167796,129,9.7
s20,1291082,158,8.6
s4739,4942680,131,8.5
s3871,4942306,41,8.3
s4605,4164639,128,4.9
s3205,2738130,48,5.3
s3060,3724515,21,6.7
s1418,1629159,27,5.5
s593,957317,158,6.4
s3783,2535367,150,9.2
s922,4565488,158,8.8
s1531,718234,135,7.7
s4082,428480,145,9.0
s1657,841971,55,8.5
s2761,551157,113,6.5
s2322,4428727,144,5.2
s3542,4174499,160,7.0
s8178,2663501,95,8.3
s5548,2971944,159,6.5
s7922,4377576,98,7.9
s4634,3133153,31,4.5
s8774,2849487,101,8.3
s8469,2954941,38,8.7
s4521,2150021,22,8.1
s4639,1410828,11,9.6
s7022,668467,38,8.8
s5073,2185619,36,9.2
s1340,4005488,59,9.4
s6177,4724351,104,8.6
s2465,1757923,160,7.9
s5382,178391,97,4.0
s867,1067026,53,6.7
s2755,4351754,31,7.3
s1085,2319042,174,5.8
s8138,2033509,106,5.8
s4302,166381,12,9.6
s2628,1571701,127,9.2
s625,1670197,28,8.9
s2145,2281660,32,6.4
s1492,1828226,166,4.1
s6753,1249386,39,4.5
s1023,3488618,48,5.8
s7367,2064484,117,4.1
s1056,2987629,120,4.1
s6436,2507184,34,9.3
s7509,3193963,137,8.1
s4327,4153022,120,5.8
s5545,1468175,145,4.8
s3529,3856688,115,7.0
s966,4974207,153,4.0
s4872,3822962,81,9.4
s5585,4241423,138,6.4
s8374,4091776,117,6.3
s6579,2777423,14,6.3
s6969,1810427,12,4.4
s4388,4368427,141,7.7
s3214,3501356,113,8.3
s8578,1181565,73,7.9
s1006,3494084,115,4.8
s8786,2977109,107,7.4
s6337,4422578,19,7.3
s8682,2559079,158,9.0
s4354,2937004,137,6.2
s4997,1981760,55,6.2
s7913,181373,164,7.6
s7434,165294,75,7.7
s1545,3182514,178,6.7
s4624,4892611,121,6.6
s8403,4385868,22,6.9
s3937,1476388,146,9.0
s2133,3901424,173,6.7
s322,2265167,95,9.5
s8222,3936402,99,6.9
s24,739944,67,9.5
s4595,738105,63,8.8
s7528,2660910,21,6.1
s3481,2039173,23,9.0
s2317,3130761,130,4.6
s497,1464466,171,9.4
s1323,495101,130,7.7
s7221,1155534,29,4.3
s6606,3277802,84,7.7
s4336,1633593,153,9.7
s5647,1853649,79,4.4
s6396,1274665,65,7.2
s1176,2344544,110,8.3
s94,4403127,141,8.7
s4326,548863,120,6.4
s6351,417654,134,5.2
s5222,2726188,141,4.2
s1741,3345990,29,7.4
s7230,1542785,147,6.6
s1314,847079,33,9.5
s4463,4908380,163,4.4
s7034,4092787,46,8.0
s361,3978083,63,4.1
s6126,2749015,112,5.0
s3013,3464527,158,6.6
s7290,1336125,47,6.6
s6567,3790047,13,8.0
s4032,498982,66,9.3
s34,1222622,29,7.7
s3333,2553771,26,9.5
s1011,3227825,128,9.1
s5165,1046161,80,7.4
s7984,4233839,13,8.8
s2848,716326,23,7.7
s8354,699150,12,4.5
s2961,3425957,89,8.3
s1288,168834,64,4.6
s5636,3289576,141,7.4
s7854,3248649,129,8.1
s213,4529125,33,4.4
s7395,4299913,171,5.3
s89,4472201,167,9.3
s1077,1129600,91,7.6
s1841,1075715,156,5.4
s6305,1488533,168,8.0
s1627,2331230,69,7.5
s880,3553157,156,6.9
s2007,511243,58,9.7
s7324,2108852,72,8.0
s3066,3309360,119,6.2
s7532,2035588,159,8.6
s150,301451,161,9.1
s933,4247355,118,4.7
s4514,1802683,85,5.2
s6709,1054646,39,5.3
s5779,1021525,67,8.0
s6208,3917500,126,7.5
s7678,4433711,168,7.6
s6152,499395,109,9.5
s5034,1310386,28,8.5
s4587,3104390,103,4.7
s6225,3429569,122,6.0
s3818,2950603,155,6.5
s5256,3017197,72,6.3
s2457,272866,125,7.9
s7992,1185248,122,9.2
s1254,1696711,56,5.8
s5703,1473286,66,7.2
s7855,3745961,127,8.6
s3972,3227945,54,6.4
s4241,3463821,170,5.0
s3459,233062,154,6.8
s2830,2541518,13,4.3
s8447,2891992,157,9.5
s669,4344539,56,4.4
s7811,3270468,152,6.5
s18,4994505,56,7.1
s1079,853328,87,9.7
s4767,4112958,133,5.0
s5012,1093233,84,4.7
s4011,1761741,112,4.1
s749,579525,146,4.9
s5242,226615,99,5.2
s3289,4431932,153,7.7
s4199,2785988,78,5.3
s2442,4651020,70,4.1
s4126,3749391,147,8.8
s2958,591252,59,6.1
s5943,1736293,12,6.1
s4111,3662610,116,5.8
s5104,2214367,122,9.7
s8114,1954050,103,5.0
s6977,194356,127,9.2
s3078,4448165,90,8.5
s8335,3149320,118,4.4
s5479,405612,60,9.7
s4631,3650333,156,5.6
s1560,59435,179,4.6
s719,4691860,44,8.8
s8095,1798014,55,8.1
s3979,3771309,163,7.6
s4608,4323085,78,4.9
s5423,2338627,102,6.8
s4020,814121,73,8.5
s6465,1219748,174,5.8
s170,3552630,58,5.8
s8020,2632115,158,4.0
s5345,1157677,83,5.0
s5742,338790,14,9.1
s4149,2694489,109,6.6
s6134,1458836,79,9.7
s5352,1691249,99,6.3
s829,4894723,13,8.1
s7512,3743305,135,5.6
s3863,4516271,48,6.1
s6798,4435536,172,5.1
s1140,1402695,138,6.0
s3144,2156692,33,7.2
s1370,1639228,66,9.8
s7754,3593555,109,7.9
s4193,2699103,79,5.2
s4393,1150567,50,4.3
s624,2335903,69,4.7
s8797,3882065,117,7.3
s4688,4863296,66,8.4
s1058,99115,40,9.5
s3028,3387690,93,4.1
s4849,771747,161,7.0
s4903,4780530,45,6.7
s3721,3099851,167,7.8
s6889,2873100,161,7.2
s2289,3034626,117,8.0
s8107,1454330,115,7.8
s7404,301492,167,4.7
s3545,4085851,95,8.6
s4468,541072,144,4.7
s7765,1136880,172,8.1
s5858,4749303,23,6.4
s5853,4575897,129,7.0
s5805,2105723,147,9.2
s6964,2298988,89,9.2
s2143,4353244,153,8.7
s1148,1364093,115,7.0
s7607,2814673,79,8.3
s354,3026242,53,7.0
s5170,4630081,82,9.0
s8768,2698790,54,6.3
s8542,3813024,116,9.6
s1881,2696791,93,9.4
s2889,2760108,91,8.3
s305,4883177,116,5.6
s186,3403597,30,4.8
s3834,115953,170,9.0
s4323,4039618,16,5.0
s5880,2647480,79,9.0
s3667,4247571,136,6.8
s1730,2972097,152,6.4
s2390,207164,169,9.2
s2150,4779930,157,7.5
s6898,2278636,152,7.3
s512,581831,158,7.2
s4439,3039475,179,6.2
s6729,3256420,163,8.6
s1163,3415884,129,5.5
s5236,3419720,137,9.4
s454,4761075,151,9.2
s7740,2690328,66,6.0
s5325,741095,174,8.2
s7777,883727,67,7.3
s5522,1212928,30,6.0
s8803,2233151,91,9.7
s2165,3213683,78,4.1
s1663,4020001,140,5.5
s8108,120640,96,7.0
s7146,4440886,174,7.0
s1570,2050991,58,7.4
s6495,4172263,156,8.4
s1878,4644877,124,7.6
s3499,4305780,98,7.5
s928,1405531,94,4.3
s2869,725510,137,6.2
s4246,3791196,149,5.3
s5711,2784296,178,5.5
s7820,3381869,170,7.2
s5808,948320,126,5.2
s765,4879040,136,5.7
s6297,2057635,80,5.4
s6539,1276607,95,9.5
s5730,4113960,42,9.5
s5063,3314908,90,7.5
s4079,4310538,161,9.4
s246,1662818,70,8.6
s4344,2325504,70,7.4
s1666,3275187,107,4.0
s1091,4654299,37,8.5
s3708,4710456,52,8.1
s762,4148502,178,7.6
s7809,3671581,176,8.4
s1196,4296238,95,7.0
s568,475523,26,8.1
s2058,3649865,107,9.4
s6419,4249790,107,6.2
s1407,1089458,74,8.1
s3528,3822811,83,6.8
s430,2367336,94,7.9
s8545,4210435,14,8.4
s3019,2813642,11,4.3
s7670,1859891,31,7.8
s1544,3838340,121,5.3
s5221,2469862,66,7.9
s6871,247775,75,6.7
s7910,2436488,83,8.5
s5207,837494,107,4.7
s8645,1251193,153,7.6
s8693,3993334,121,5.6
s234,3059758,134,8.9
s5041,583636,176,9.4
s2933,3088370,95,9.8
s5690,4282406,85,8.6
s5949,4318764,97,8.4
s8027,3285658,177,5.2
s3967,1826203,47,5.9
s6379,2326360,68,6.7
s1517,4458249,147,8.5
s8524,4476219,108,9.3
s8733,2584629,72,5.1
s7188,575830,58,9.3
s1729,1382397,41,8.0
s1422,2186233,144,7.5
s1923,768216,30,5.2
s320,567313,29,4.3
s3147,3715060,163,7.3
s5126,3512565,136,7.8
s3709,1387682,77,5.2
s4162,1336643,119,7.2
s2174,1583584,125,9.0
s6150,444540,152,8.8
s6392,2665075,129,9.4
s4882,4989003,88,6.1
s2413,4492987,125,5.8
s1781,76790,101,8.3
s6966,1741738,23,6.5
s1624,2958873,164,4.5
s462,498345,134,5.6
s6175,799074,177,6.4
s6576,3735501,67,5.7
s9,1929490,37,5.9
s100,3937857,35,5.7
s5835,3226083,122,4.2
s5930,1504908,75,7.7
s4716,2303694,162,7.5
s2603,3369144,140,7.8
s3521,355062,53,5.1
s5844,4999499,106,5.7
s3183,2437312,51,7.6
s1776,3743976,15,7.5
s3617,4458224,176,6.9
s2493,4085493,32,6.0
s5408,3438532,98,9.3
s2405,1475541,132,6.0
s1929,1921403,156,6.6
s2752,4898287,60,7.9
s1069,871052,20,7.1
s4813,1857150,21,6.0
s5702,2275300,83,6.5
s5485,1905567,17,8.6
s7110,1584837,161,5.6
s638,3551268,50,4.8
s1946,3388442,173,5.8
s4052,4976203,94,8.9
s6549,4504051,81,4.5
s8065,4859954,64,9.8
s1650,473570,146,7.1
s8740,2423139,56,9.7
s3530,908158,152,9.4
s3533,2164792,113,6.6
s1431,102528,51,5.2
s4251,1923421,69,5.0
s7182,2648260,21,5.4
s8408,1467077,139,8.1
s3318,3345887,16,5.6
s5863,3368230,89,6.0
s1128,2302728,140,6.6
s3616,2535195,118,9.3
s857,4310507,12,5.1
s2224,210775,36,4.0
s7728,2717867,123,4.3
s4329,1613299,116,9.2
s8538,3519401,49,7.8
s5500,3825803,170,5.6
s5295,1394027,138,5.0
s466,4216500,17,5.7
s5251,841267,110,4.7
s292,547562,169,9.5
s1742,3898693,133,8.5
s8570,4628238,116,6.7
s6513,4087776,110,9.0
s2484,2054168,13,5.4
s834,4060912,119,8.2
s4886,4561732,28,9.0
s8775,4935211,41,6.1
s5598,2229996,146,8.4
s1035,1650396,21,5.7
s7987,3361149,148,5.7
s595,172402,55,4.6
s3932,1216588,128,6.6
s6282,4682965,25,8.2
s5486,2546081,138,9.5
s1563,2727618,72,7.5
s2437,4817999,118,9.0
s7783,4707860,128,8.8
s1018,625278,30,5.0
s4757,1228049,167,6.8
s5817,3130201,22,4.7
s1298,4722311,171,8.0
s2345,3612737,13,9.5
s737,3514442,165,4.8
s6622,1324732,111,8.3
s1484,3364692,68,7.7
s6417,4243398,137,7.4
s5272,4769607,36,6.3
s5230,1160389,78,6.1
s7897,77712,34,4.3
s8489,4121647,140,5.3
s4133,3962942,106,4.1
s5246,162816,34,7.4
s6044,1685156,157,4.6
s1514,185230,171,9.1
s5045,1816616,163,7.0
s8263,4513418,135,8.1
s5524,1433194,142,6.4
s4472,3151360,18,7.3
s8153,1931548,125,9.5
s2604,4395760,143,4.5
s5813,3301298,69,5.5
s731,4515150,130,8.5
s4933,50404,148,4.6
s3061,4947590,117,4.4
s6863,1373483,117,6.1
s3129,1772320,140,4.5
s6469,4959764,85,7.4
s734,2382517,39,5.3
s7632,4587090,30,9.2
s7170,3246340,165,8.5
s3942,213273,170,8.1
s4520,3904418,172,7.6
s484,3702692,43,9.0
s4914,1137341,50,5.3
s4236,4027266,60,9.1
s3182,3081756,91,8.6
s458,893523,67,8.3
s5186,596237,84,7.3
s2964,4945207,32,5.4
s5494,4090479,137,6.5
s7477,142193,159,8.6
s7914,3231915,26,4.2
s331,4750254,78,8.5
s8289,1236887,117,5.4
s2315,3058038,148,4.8
s1528,558153,103,4.7
s2355,3384817,24,4.2
s4307,3632069,100,7.0
s1447,2765514,172,5.3
s7980,4931713,42,9.7
s7769,2708571,134,7.3
s6206,4884357,25,4.8
s3774,1729748,171,8.0
s4412,2273069,75,9.2
s4984,3495498,177,8.3
s1076,4942472,165,4.4
s4292,531680,56,9.2
s5274,2686694,176,8.6
s1955,3011293,157,4.9
s5338,4150673,133,4.3
s2923,1584026,10,7.2
s2639,365826,96,4.9
s5776,3517366,137,8.8
s1576,377359,76,6.1
s3689,3798603,13,9.3
s5413,4251253,162,7.3
s1559,2910337,56,5.1
s3258,367537,47,4.8
s2267,600222,152,7.3
s3860,2623619,30,8.4
s665,2503752,66,8.5
s6901,1414133,126,5.6
s3568,1982247,55,5.2
s2311,1403038,151,4.1
s2645,300875,154,7.9
s2250,4707693,48,4.4
s2454,4314694,146,6.4
s1791,757689,108,7.5
s5590,4497794,86,9.4
s1150,1665952,124,5.8
s5463,1346516,143,5.4
s4378,2580179,160,7.8
s1401,1606617,100,7.6
s3906,3513351,107,5.9
s2518,1315040,129,9.4
s541,1904971,55,8.9
s602,700199,47,5.3
s1534,4084628,151,5.4
s3306,1899396,109,7.0
s6342,2741276,81,8.5
s6519,678861,44,4.3
s1784,2576954,156,8.0
s8634,711614,39,7.8
s3843,4923878,87,5.3
s4555,4743174,93,8.0
s1329,3407519,122,9.5
s7516,716997,34,4.3
s2116,1776351,177,5.9
s7507,1122647,97,6.5
s812,1681107,23,9.2
s3892,1078455,163,9.6
s3969,1355794,111,6.6
s2030,2000367,159,8.4
s3255,1960705,92,7.1
s6968,1651596,119,7.1
s4935,3841481,140,5.6
s6999,4200276,179,5.3
s6887,2432357,28,5.7
s6867,3537124,37,7.2
s6685,2295131,80,4.2
s3245,4296049,72,9.3
s8640,141865,82,4.9
s3093,4094588,133,5.3
s2997,1122200,128,7.0
s605,2170473,130,8.1
s249,2550856,28,4.6
s7414,2956158,151,5.8
s4030,4118472,129,9.6
s1733,1272869,175,5.5
s2821,2333869,70,5.8
s264,3175354,173,8.9
s248,4132494,177,4.3
s448,1479551,39,6.7
s4116,2331020,18,6.2
s200,2806944,73,5.8
s533,4832883,170,5.7
s2888,2337623,129,4.5
s2303,964032,61,5.8
s4701,4032588,98,4.2
s4692,1617438,151,8.5
s456,967559,62,6.3
s7397,685605,87,6.6
s5333,4633897,50,9.2
s7721,865131,77,7.8
s1427,117661,17,4.0
s1430,2128007,11,9.5
s7648,1357506,114,5.4
s4774,2021206,134,4.6
s1942,2951614,119,8.5
s8528,3016422,95,6.9
s2861,3758654,178,6.5
s4129,168033,129,5.4
s4451,680265,136,7.2
s7773,2760309,25,5.6
s7329,2968258,71,9.2
s961,1265502,122,5.2
s5181,4676038,167,9.1
s4511,1471796,21,7.2
s2577,2812779,44,8.8
s7871,2369049,20,8.1
s7388,3770464,73,8.0
s4047,2242614,59,5.9
s5154,820173,158,5.4
s7903,2719355,78,5.2
s2349,3462504,57,9.0
s6706,4903260,29,8.8
s6897,517010,110,6.6
s6682,1705016,170,4.8
s3458,1747900,146,6.2
s7739,4630497,77,7.6
s701,4271038,44,6.6
s218,973875,74,8.5
s8356,2173221,17,9.8
s4470,3930993,54,5.1
s7833,4781502,96,6.7
s6009,2618103,177,6.5
s909,131264,85,5.8
s3162,73275,85,5.1
s5397,2743714,56,4.4
s676,2510072,24,9.1
s3017,622735,114,6.4
s5141,2050609,156,6.9
s6416,962826,35,9.3
s2153,2747143,61,8.5
s7808,912522,102,4.8
s7346,853692,159,7.3
s7676,1211157,30,6.6
s1143,1364532,60,8.6
s5731,471240,47,8.2
s4081,3909744,29,8.0
s1146,994789,166,6.0
s4447,3157092,141,8.7
s2305,2263573,64,4.3
s5118,575893,101,4.9
s51,2305363,37,5.9
s6931,4431514,13,4.4
s5838,4198887,159,5.4
s1177,1257094,85,8.8
s7354,2271192,76,9.5
s5497,718406,95,5.8
s3401,3718866,171,5.5
s412,4662338,100,5.6
s6030,2903406,114,5.6
s5750,1083255,10,4.2
s7816,3102766,81,9.4
s3756,590677,96,5.2
s4747,3144235,175,6.4
s5695,1221459,15,4.1
s7008,2909653,162,9.0
s3963,2016197,154,8.2
s5628,437952,70,9.5
s6373,2259373,21,8.5
s2589,4197703,15,5.8
s2684,1080117,36,5.4
s102,2946818,145,8.0
s6621,2407821,133,6.1
s7687,575134,115,7.3
s6481,294761,102,4.0
s3718,2980098,118,4.4
s7774,3021820,108,7.1
s2989,114323,177,7.3
s97,1287715,151,8.4
s7424,1004480,44,4.8
s2474,2382811,93,7.0
s5307,904016,65,5.1
s2374,914909,150,4.5
s4181,1100493,58,6.4
s5004,332762,55,4.9
s3669,1655118,122,5.3
s8040,2933427,145,5.8
s4197,1466012,52,5.5
s1321,621650,157,4.5
s5082,4526576,133,4.5
s8696,435925,106,5.1
s3947,2913793,99,4.3
s4039,4959047,48,7.6
s1264,3807974,94,5.7
s1759,453081,71,5.6
s5582,2449105,115,5.9
s8253,428892,116,7.8
s7303,4249591,63,9.0
s4926,3204240,135,8.4
s6614,706702,18,8.2
s8569,3304600,97,6.8
s5023,2035296,46,8.0
s1632,2240222,58,7.2
s2651,3799783,50,5.3
s3001,2769269,26,5.2
s519,4852116,97,5.7
s4465,2374797,30,9.3
s6786,836667,60,7.2
s8181,1403649,68,8.3
s3943,1762503,176,6.0
s6443,3035418,50,6.4
s7932,3659736,48,4.7
s6521,1434418,150,5.0
s4998,436594,20,8.8
s6735,2919760,156,7.4
s743,3856503,148,6.0
s181,3887247,86,8.7
s2167,1142501,136,5.4
s3092,187023,55,9.7
s2998,1185964,54,6.0
s2192,4776599,10,6.0
s5474,1533624,177,5.8
s7542,2205748,117,4.7
s350,2006109,28,4.6
s7525,3095179,85,7.8
s7407,3975282,81,9.1
s7217,923172,118,8.6
s4142,3735540,21,4.8
s5588,572244,170,7.2
s1184,4923594,54,4.6
s2178,4113309,99,4.3
s5662,1112636,112,7.8
s6124,1836921,17,7.1
s82,879735,162,4.5
s1865,3386007,100,4.2
s8756,3880375,96,9.7
s7746,4579788,167,4.2
s1296,2612469,93,6.6
s6398,3136176,91,6.9
s6553,3345374,155,4.7
s832,4933680,77,5.0
s3264,3731262,170,6.0
s6773,4683078,136,8.4
s7799,2659089,173,6.9
s7105,2558749,91,7.7
s2485,964228,156,9.7
s3338,1003959,165,8.5
s5905,2239415,177,6.5
s5200,1677781,93,6.6
s5744,3419538,122,7.6
s3051,3292374,85,7.9
s626,395266,131,6.9
s790,4006679,152,7.7
s3173,1588601,50,4.1
s2511,2627855,176,6.5
s8305,3121475,11,5.6
s677,4587358,38,4.7
s4741,4053484,114,4.6
s8806,1157955,60,7.5
s4387,3852010,84,7.0
s764,1982728,19,5.5
s335,1949492,151,6.7
s3848,2411632,60,6.9
s3039,1464397,127,5.1
s5911,3227993,130,7.8
s8710,3181209,48,8.5
s4454,1273520,37,8.6
s941,4107893,12,7.5
s6792,3267635,93,7.0
s3366,2350119,164,4.4
s8681,1949443,126,5.7
s6795,3498503,11,4.5
s1045,1489758,102,9.6
s7756,1855468,175,4.8
s7644,3477975,140,4.9
s8432,176108,153,9.2
s7663,3210110,103,9.5
s711,3280019,49,8.4
s1898,1757692,11,4.0
s7671,2130154,90,4.0
s1722,2294702,178,6.2
s3165,3427778,21,4.8
s6378,2580034,172,4.1
s6722,4582131,74,6.7
s3054,2742755,64,9.5
s5826,438349,54,5.9
s5310,1112729,110,7.8
s6205,3174071,71,7.8
s2334,3436501,58,5.5
s1433,2029079,136,7.8
s7934,4638334,162,5.2
s587,3572905,32,4.7
s6200,126077,161,8.1
s1513,4377819,47,4.7
s5917,1305564,37,9.8
s4920,1958327,30,5.1
s2881,175885,116,7.4
s5904,591656,155,6.4
s1562,720688,173,4.7
s3442,2335166,108,4.2
s5612,4474507,128,7.6
s4535,2101531,82,8.7
s5403,2842427,131,8.9
s5210,2970803,39,6.8
s5707,3407679,117,8.5
s7439,4440020,107,7.9
s5716,2731719,41,8.2
s7075,940695,165,6.9
s1088,4244430,88,7.7
s173,888761,50,8.7
s4113,550315,72,6.3
s1778,2464472,32,8.7
s8104,1349445,113,7.4
s4852,4985730,84,5.0
s1438,548716,57,4.1
s2456,3191069,169,6.1
s120,3371127,66,7.2
s8127,2609272,127,8.9
s268,2326106,109,4.7
s5528,2052324,133,8.6
s8550,4377021,170,9.0
s1503,3374323,161,4.9
s3887,4001416,176,8.9
s8614,544592,43,9.8
s551,3295886,165,8.2
s7841,3904261,174,8.6
s2499,3628226,16,9.8
s4697,2079454,174,7.5
s1331,2477540,65,5.8
s8359,1765630,74,8.9
s5216,368408,56,7.6
s1840,518276,157,7.4
s3502,2204697,28,5.5
s5895,561411,166,8.4
s5745,2972808,155,4.5
s7363,3167172,172,9.4
s4068,934377,135,5.9
s534,4285042,148,4.7
s2128,1948739,58,6.6
s7160,1279336,122,4.2
s8343,1067433,47,8.0
s7377,4711029,73,9.2
s66,2811089,78,8.9
s1489,3728086,145,4.7
s7140,1631530,171,4.7
s3296,2137258,125,8.7
s2550,4542816,74,9.4
s5517,4906447,40,6.7
s1157,2799178,141,6.9
s355,1046530,122,5.8
s4687,821253,118,9.2
s744,2651623,78,7.7
s4772,1428246,167,5.7
s6838,4158997,129,5.7
s7664,2953540,97,9.2
s6720,3414695,76,4.1
s3033,4028400,84,5.9
s6199,4627456,54,7.2
s2606,2241422,13,4.9
s2725,1095482,163,4.5
s7015,1345302,164,8.7
s7906,4052640,116,9.2
s473,620451,60,8.8
s1692,69816,59,9.2
s6500,1017344,15,7.2
s5928,2905059,68,8.7
s5635,2462149,134,6.2
s6203,3402252,152,7.9
s1039,3782839,39,9.7
s6129,1088896,179,5.3
s869,3347606,131,6.3
s7041,2928604,134,6.8
s324,3630893,46,4.8
s5809,4377858,179,4.5
s5651,4006602,133,8.8
s1795,4146951,110,9.7
s8599,314223,44,6.3
s1198,3369260,96,4.5
s8378,2744287,143,4.4
s8206,1716471,27,9.2
s3663,4671056,122,6.7
s7780,638365,38,5.9
s7151,753662,86,6.8
s8444,1355585,68,5.8
s6257,4142097,135,6.8
s5973,2709440,154,9.0
s2836,1649601,118,7.4
s6422,3993645,31,8.0
s1833,4545013,77,6.1
s1579,4101774,78,8.3
s2841,1284816,174,7.9
s8566,1675351,58,4.7
s6276,2014956,150,7.3
s7667,3498678,171,5.5
s5906,1177199,118,8.7
s6429,3561049,95,6.5
s1384,4113186,62,9.8
s1596,2330827,132,4.5
s7035,1835910,96,8.5
s3134,4896769,140,7.9
s7116,3145900,51,8.5
s1958,4093064,107,5.8
s4846,2652967,169,6.9
s4217,3488550,118,8.6
s7631,126218,60,5.3
s7743,820044,94,5.3
s1794,2596741,136,7.2
s4479,4722750,30,7.0
s6988,4706356,53,5.6
s2918,3530130,148,5.7
s1375,3235714,112,5.6
s2898,1778096,77,8.5
s178,397739,138,7.8
s133,522327,101,8.8
s2190,2744946,33,9.7
s6742,4279215,134,6.8
s1,1972135,150,4.4
s7199,1028039,120,4.3
s1468,949885,107,5.7
s5240,658746,148,9.4
s1324,3052819,26,7.0
s8014,4561219,108,5.6
s6758,549876,91,6.3
s5293,2012165,113,7.5
s8452,661213,161,7.8
s4909,818734,28,4.9
s8002,4291361,174,9.7
s409,1889433,94,7.2
s3083,3722214,17,4.8
s4557,2076580,37,9.2
s1028,4953058,14,4.4
s158,4389235,154,9.3
s389,1542252,110,9.8
s2496,3576737,173,8.1
s3434,451921,127,8.5
s3828,2058960,156,6.0
s713,4505214,73,9.5
s4831,137955,100,7.1
s511,3866446,126,8.2
s1062,3426513,107,9.4
s6171,1987878,20,9.7
s8026,4452294,63,8.8
s7033,2135259,56,5.8
s2037,2525539,149,9.6
s8056,4783188,158,7.6
s5996,1755215,148,9.4
s5013,2539569,14,7.9
s8687,3316402,29,5.8
s3035,2033851,178,6.1
s7716,4158880,55,7.2
s5010,4787655,21,8.6
s3970,4311946,79,5.8
s6072,140093,26,7.4
s3796,1606182,124,6.0
s6228,4461519,156,8.7
s7889,2053679,163,6.7
s5840,1782465,57,4.4
s4542,4280258,117,5.0
s795,3223584,61,4.4
s7719,4771165,105,6.9
s2222,2706807,79,4.6
s3412,2909244,111,4.7
s252,936040,84,9.5
s8535,372918,170,9.1
s6875,2988613,160,6.6
s2803,2295909,152,9.7
s4646,4112442,164,4.0
s4122,166739,91,7.6
s1587,1336585,101,7.6
s3056,830316,13,6.7
s5736,3584550,144,6.3
s7628,3539866,118,6.6
s2064,1416853,172,6.4
s7179,1064929,57,8.2
s3000,1616847,82,4.8
s1818,2470564,81,5.1
s6445,2632569,125,5.0
s4095,1530035,90,5.5
s8675,238456,90,7.0
s6021,2703093,122,4.6
s3127,3353457,105,9.0
s3820,4135412,81,5.7
s6476,4472808,156,4.9
s4983,4817348,72,7.9
s2772,766756,47,4.2
s8302,101226,76,7.6
s612,3801198,78,8.0
s5284,3671509,22,5.2
s3036,3188145,40,4.2
s1480,3947611,123,6.1
s8783,1276476,31,4.6
s4766,4234056,102,4.7
s7025,622212,76,5.5
s1403,4468441,63,5.7
s2756,1550844,147,7.1
s3602,979168,51,7.9
s1211,3493609,73,7.4
s5940,413476,135,4.9
s6781,1450283,30,5.0
s504,741757,178,9.1
s5195,440719,161,7.2
s275,1577937,44,9.0
s6686,1199947,39,6.2
s3275,3387920,66,7.6
s5024,3346050,56,7.0
s8430,2168324,172,5.9
s6461,2728932,28,6.7
s3606,4952666,123,6.9
s684,926031,17,5.2
s8702,1320896,35,5.8
s998,3613706,122,8.6
s5837,1109622,80,9.3
s2226,4472375,39,6.1
s3300,428165,144,5.8
s745,758662,76,5.1
s6119,4181479,74,7.9
s1374,1062117,45,5.9
s4473,695188,34,9.7
s5876,465008,46,5.9
s6605,1681993,10,6.3
s7520,3401278,152,7.5
s7935,2392035,46,8.6
s694,2818362,150,6.7
s3762,3076768,145,6.5
s4795,1220365,142,9.8
s983,729418,137,4.1
s80,4945084,136,9.2
s5404,1661754,10,4.9
s8146,1164593,173,8.6
s7969,1276952,44,7.6
s2665,4901188,113,6.0
s1993,2771864,32,9.1
s6256,3997208,18,4.1
s6220,2988496,43,5.3
s3990,3925754,137,7.3
s446,2754999,13,6.0
s4669,3044200,167,7.5
s2885,1374070,111,4.1
s6221,3240914,84,4.7
s1845,2574388,108,4.7
s4148,1708987,81,5.1
s8739,3926274,12,6.7
s3155,2887981,151,8.4
s69,1711793,43,9.3
s1234,666036,54,8.8
s49,3441418,70,5.1
s1054,478988,92,6.6
s5426,4134752,132,5.2
s6855,4424857,111,5.5
s7257,4805000,25,6.9
s7714,3027590,75,4.4
s2026,3347291,177,5.3
s6690,3852429,154,9.4
s3985,4944287,128,6.7
s394,2540706,171,6.6
s4690,1241902,133,4.1
s231,2542118,153,5.4
s42,3787973,111,9.0
s4012,2252575,75,5.0
s1598,514071,22,6.4
s7580,4431137,120,4.1
s4211,4962216,168,6.8
s6187,825435,43,4.1
s3694,2224606,48,8.8
s2583,3548472,145,8.8
s6839,3056316,129,8.6
s8576,1614718,135,5.6
s4042,2184793,64,8.9
s5846,1652575,36,7.1
s3297,3863270,127,6.2
s1732,4856425,62,7.6
s2459,2428837,48,4.1
s62,1574102,74,4.8
s6962,3240541,154,8.3
s1935,714180,167,5.4
s5040,2433366,22,7.5
s403,2085848,30,6.2
s333,2489855,156,9.0
s8162,254615,62,9.5
s1010,1575233,28,9.1
s1169,3946022,66,5.6
s6649,1853740,34,5.1
s7546,4018222,40,6.8
s4289,3118893,90,4.0
s2642,888003,32,4.1
s6687,3483382,41,7.2
s6824,331570,83,7.0
s7412,3232993,19,9.8
s1927,4131082,63,5.2
s5489,3445049,61,5.5
s1616,116150,157,4.7
s3498,2484206,169,9.3
s8705,609723,123,8.5
s3246,2597500,23,8.8
s1439,3405745,165,9.2
s2003,1049554,119,7.0
s3167,4243060,62,6.6
s5157,4208634,161,5.9
s707,184055,88,7.4
s6512,726022,31,6.6
s6551,859942,39,6.6
s1537,3929275,13,9.4
s3320,746358,68,9.7
s8679,3645790,17,8.6
s697,1891648,21,8.4
s1104,1738472,128,7.9
s474,3878433,168,5.0
s380,2785264,43,4.3
s7636,4498748,91,8.0
s8405,2750713,107,8.2
s4428,2358989,136,4.3
s5285,4187270,84,9.4
s3382,4367922,114,4.5
s5245,4165625,58,5.7
s3746,509297,88,7.9
s382,1070154,102,5.0
s4343,4995169,163,4.3
s7880,4127151,27,5.9
s2816,4784963,105,8.4
s2969,2853696,47,6.4
s7095,2143373,96,7.8
s1335,2422280,97,7.4
s6381,2966623,59,4.1
s59,2756871,17,9.7
s7046,920123,178,4.2
s8184,3036249,143,9.6
s8053,1909582,78,7.2
s6759,4494499,130,9.6
s2392,2179885,73,4.7
s4594,4770642,166,6.8
s2945,2257148,165,5.0
s1194,4802525,148,4.3
s5362,599239,130,7.6
s859,606701,74,5.2
s4229,3097569,116,7.4
s3729,4678120,156,4.7
s8694,1320464,146,5.9
s6359,835332,164,8.5
s4051,817950,171,6.5
s1569,216472,109,7.6
s8244,447710,91,7.8
s1747,4367048,152,8.9
s2389,3238729,60,5.9
s4507,4835956,150,8.0
s5350,2900171,92,9.6
s1953,960775,121,8.2
s7077,2646874,65,6.8
s8743,608924,174,7.7
s5410,3931185,154,8.3
s3413,4423656,166,7.6
s5328,4062595,170,4.1
s6145,2340435,69,5.1
s6973,481413,129,8.7
s6658,1402564,147,5.6
s3350,2474050,32,8.2
s5000,4215100,158,6.2
s5516,913561,22,7.0
s4462,352186,110,4.4
s215,3257393,170,5.1
s5354,3878464,33,9.6
s6298,1076553,117,9.2
s2009,1285202,20,7.8
s863,195271,26,6.7
s7951,2265685,34,7.9
s6022,3793797,103,7.6
s6128,1564542,30,7.3
s6664,4230656,93,4.3
s182,2980184,149,7.7
s2313,126898,46,8.5
s5818,3345097,51,9.8
s6240,338316,154,4.1
s1394,2058954,110,8.2
s2599,1879553,57,7.3
s2555,4138657,112,6.5
s6148,3091341,37,4.7
s6790,1089504,50,6.4
s1719,4137810,108,6.1
s2089,2155058,56,5.8
s71,4959384,155,8.2
s545,1725843,114,8.1
s4583,84701,133,7.4
s4873,3279028,22,9.4
s2146,1771610,150,6.0
s1453,2230712,109,5.4
s8580,2389767,40,7.8
s3888,2664235,139,5.2
s8523,541036,25,5.8
s1804,377304,146,5.3
s2956,2512616,82,4.4
s3313,2760241,175,8.8
s4554,3483803,63,5.5
s878,1192953,109,6.7
s7389,4011352,118,4.3
s7132,4028702,96,8.1
s8581,4109175,171,5.9
s2184,376916,146,8.3
s7882,3647706,17,6.4
s1502,4556554,16,5.1
s6000,655409,45,7.0
s7090,1124135,27,4.8
s7475,3039179,12,6.6
s7048,1775690,37,5.8
s8241,3330772,79,9.3
s7253,4207893,158,4.4
s5172,453119,37,8.0
s7304,4216769,63,5.1
s4735,4370295,74,5.9
s4170,452732,109,6.4
s7967,556079,30,9.3
s6320,2000013,22,5.4
s6569,2673836,66,4.5
s3621,1182658,58,5.8
s8029,2035209,127,4.6
s2264,4372626,63,4.7
s3195,706951,147,7.3
s4185,61303,62,4.4
s2376,1260209,53,4.2
s7567,3529591,56,8.1
s5336,2416610,62,6.1
s3353,4230303,83,4.7
s6410,1118199,55,5.5
s6038,4967339,22,7.7
s8144,4226224,174,5.6
s1245,4734346,111,6.9
s4304,508298,33,4.7
s4049,1097343,11,7.4
s6409,155228,90,5.8
s3769,4670650,109,7.6
s6811,1805692,151,8.7
s577,934056,147,7.5
s6425,1780228,172,5.7
s1167,1996793,162,5.5
s2580,1619123,140,5.9
s6364,3329269,120,5.0
s416,1776470,111,5.1
s8610,3390420,26,8.6
s7961,98874,21,6.2
s4442,1672572,125,6.5
s760,3270281,33,7.4
s1386,2739784,38,7.4
s3266,759662,162,4.4
s1202,4922554,131,8.8
s6210,520452,99,5.0
s8240,2189686,74,8.2
s2886,2642670,93,8.5
s4031,4860833,128,8.1
s4665,492061,165,7.4
s5503,3384732,25,4.1
s3405,3811675,113,6.1
s329,2311286,101,7.5
s7635,538972,36,6.2
s6161,1173994,179,9.0
s6756,3131328,171,5.8
s2247,4148064,174,5.7
s4419,2667703,143,5.5
s8668,213038,144,5.9
s1112,4013735,162,7.2
s1836,1424572,42,8.1
s1681,2405874,64,7.8
s1766,650530,16,8.7
s4221,3698966,66,9.1
s1282,1127833,135,8.7
s4505,2627640,21,4.1
s7284,485423,25,8.3
s6852,1242929,52,5.2
s6946,373390,126,4.8
s1889,1714221,144,7.7
s8298,4118316,120,5.9
s2908,1706671,60,4.3
s971,188563,169,4.8
s5197,833066,84,4.0
s8214,1604623,17,9.2
s6670,4949856,54,4.1
s6163,4105957,68,5.2
s2535,647897,141,6.4
s4662,3991237,113,6.1
s6557,822800,166,9.3
s1283,2092999,166,4.2
s8457,3572554,107,7.0
s3786,3709985,165,7.9
s3938,1952897,88,9.4
s3800,3626511,133,7.6
s8474,1213950,13,8.7
s5881,599148,99,4.5
s7614,2823707,113,6.2
s3594,4728394,146,6.2
s1594,2823939,128,9.1
s7794,1985740,142,4.9
s3406,3484955,65,4.9
s3934,4986710,105,5.9
s3335,2795226,84,4.3
s6644,3227326,152,5.1
s8520,1604510,41,9.6
s5365,1880815,37,6.5
s1299,3813122,31,7.7
s7492,2436378,26,8.2
s741,4471590,68,6.1
s3455,2584937,99,4.9
s7530,3207473,115,5.2
s2813,862461,35,5.8
s4596,4477036,34,7.7
s5258,4105555,147,6.3
s5993,1768224,54,4.0
s2261,2760626,92,7.0
s4833,974044,20,9.3
s7550,3031352,113,8.7
s4681,1436652,77,8.8
s3525,335555,104,8.6
s3951,494191,165,5.9
s436,1552337,74,8.4
s5953,3536669,58,4.8
s3838,970597,61,7.8
s309,2093338,111,7.7
s6281,3772946,66,4.1
s88,1536205,56,8.6
s2647,2915899,168,9.2
s2023,274695,35,5.6
s1021,3031467,123,8.7
s882,3491628,14,4.5
s2359,1151844,93,7.5
s5977,4817493,61,6.8
s6391,1460706,114,7.2
s8526,3390216,63,9.4
s4954,3883284,170,9.1
s7013,4907088,175,8.6
s8077,1897865,164,5.6
s258,969484,24,9.3
s4297,4947954,70,4.6
s289,4067136,131,8.9
s2698,394855,30,5.9
s8604,1124961,55,4.3
s5229,4675678,143,7.9
s3425,3611963,47,5.3
s5428,2427935,71,5.4
s2216,1184106,95,5.8
s1643,4528011,87,4.4
s1510,2524968,55,5.0
s738,2492266,150,4.0
s1671,4487677,12,6.6
s5814,4592001,15,4.5
s5058,1268758,102,8.0
s544,1705743,17,5.4
s3107,4027019,117,9.5
s8019,3118281,170,9.1
s7467,4575208,84,5.7
s5624,568349,86,8.5
s4724,2931990,59,8.7
s7438,847968,20,9.7
s6202,129083,104,7.5
s6565,2705971,165,4.5
s2610,4047615,79,7.8
s7031,2924299,178,7.6
s8726,4898341,25,7.7
s801,1854673,77,5.8
s3791,2988199,108,9.0
s1406,659996,57,9.6
s57,4959776,73,5.3
s70,828513,99,4.5
s8000,3353389,85,5.1
s712,4404385,148,8.8
s7413,438590,110,7.9
s266,1815982,98,7.7
s4202,2828655,27,6.3
s3590,3201882,28,7.4
s5278,3260016,64,5.8
s4380,2429877,111,6.8
s4276,2439383,127,8.6
s3081,214053,163,9.7
s7239,4837890,143,9.4
s3439,1486536,13,9.4
s7825,2592637,117,6.3
s5781,3440926,124,6.7
s3342,3663263,38,8.1
s2019,4208549,68,9.3
s2338,1396208,134,4.8
s8372,4580889,107,5.8
s1727,1828599,26,4.8
s4335,72431,116,7.5
s4333,1293131,52,5.8
s7930,697008,89,5.9
s3886,623441,171,4.4
s7616,4512816,17,6.0
s3724,4420380,150,9.0
s7800,2099949,115,5.4
s8175,1318300,17,8.0
s3804,1997763,105,7.7
s8488,1679849,103,9.0
s5559,1935077,74,4.8
s4175,3932149,48,9.7
s752,4923062,90,7.4
s3716,100861,93,9.8
s3414,4895710,97,9.3
s4660,4050737,95,5.3
s477,771001,102,4.3
s4140,2041083,95,5.5
s7501,4569216,53,7.1
s6681,1673911,146,5.0
s212,1493717,174,5.0
s469,4459352,83,6.7
s1546,2907733,45,4.2
s4884,1255663,110,4.7
s8718,83320,165,6.4
s8462,377025,179,4.4
s3025,414359,179,6.3
s1026,1358507,113,6.7
s5621,4116621,75,6.6
s4249,993187,64,9.0
s6265,4043710,100,7.1
s7455,1647690,31,6.7
s1471,150734,110,6.4
s1607,207702,164,8.7
s6783,2901274,130,9.2
s4683,1275811,102,8.9
s7275,1197087,117,7.9
s774,3131091,150,4.8
s5800,3879049,19,5.6
s6483,2753381,18,4.3
s6056,4973801,164,9.4
s4991,1918670,43,7.8
s642,4343122,138,8.3
s8729,4396664,169,5.8
s197,4863673,98,8.9
s3218,4805469,102,5.5
s1156,982817,80,4.0
s1702,4385702,76,6.2
s6876,3328360,157,7.3
s1109,3012732,126,6.8
s6453,2230338,103,9.0
s4443,2042825,172,4.6
s1421,3882978,108,7.2
s6829,4165811,122,7.0
s6660,644604,112,5.6
s3020,2099927,100,8.8
s7826,3224108,99,8.4
s5630,2781638,26,8.3
s958,314500,27,9.1
s5958,2217478,125,8.2
s634,3026031,102,5.3
s2863,689282,100,8.1
s5899,2953633,91,5.8
s7976,1990369,77,5.4
s1262,3998242,123,4.4
s119,1267060,10,8.3
s8173,1081519,67,8.1
s2500,839352,163,5.4
s5268,4728714,118,8.3
s6842,1440281,157,9.3
s4467,3991106,125,4.6
s4830,2372466,96,5.3
s5794,1901317,19,8.4
s4057,1996830,68,5.6
s8396,2664150,50,7.6
s3981,1618560,114,4.5
s7154,4710061,142,6.6
s4141,2655214,131,8.3
s1173,2279180,154,8.0
s8671,2378599,31,8.7
s5372,1045843,107,9.1
s7485,4238891,178,8.5
s7486,676045,77,7.9
s3922,4081419,148,4.2
s4218,4545511,65,7.1
s7646,1474945,158,4.2
s7433,1441538,108,8.7
s6180,2413999,85,5.9
s5715,770488,35,7.3
s8351,4840691,124,5.6
s8690,469065,156,8.5
s8772,2834372,118,9.1
s5564,4275889,56,6.3
s4881,1513807,80,9.0
s4952,3142195,163,5.5
s1916,1666449,49,7.1
s6357,339102,142,9.0
s5969,1386737,158,5.9
s816,3110006,141,9.5
s4764,2427074,32,4.7
s619,2847753,115,4.1
s3627,1140805,93,9.2
s3209,4493778,152,4.4
s5301,4212065,125,9.8
s1043,3060087,118,9.5
s7114,310116,145,4.8
s4598,3018462,50,7.1
s2860,3092146,121,5.1
s1075,2668137,156,6.5
s1397,4264279,121,4.4
s5174,4402099,112,5.3
s2817,3612223,55,6.1
s180,1307949,165,6.5
s8093,3021981,77,9.7
s5674,3900241,131,8.7
s4398,4009076,24,8.3
s2827,3784340,174,7.1
s3650,3371765,138,8.9
s2215,438076,120,6.0
s6216,4934797,33,8.1
s1533,3159244,36,9.8
s2875,4866909,49,5.8
s4661,4969799,173,7.9
s8659,2248611,33,8.9
s2992,2010826,33,9.3
s7849,2894664,13,8.2
s1979,2663275,76,5.6
s4078,1428369,43,5.9
s1346,2473970,125,4.1
s6444,2140212,32,8.4
s5839,4221774,118,4.2
s3211,2291984,78,9.0
s5129,202999,104,4.7
s8568,4592923,71,5.0
s5499,111367,178,6.8
s4253,803315,66,8.3
s6158,4650108,63,4.8
s2590,3055334,79,6.6
s1278,2904190,110,6.8
s1808,1334382,66,5.2
s2252,3903321,147,4.7
s8455,2704837,177,8.9
s1769,3534239,144,6.9
s4824,1092377,112,4.1
s1481,4627033,175,8.7
s746,3307181,94,9.7
s3397,973780,70,7.5
s8749,2916451,12,6.9
s6192,2518152,137,9.1
s6740,4457871,95,9.5
s8736,1992811,56,8.4
s748,348090,85,6.6
s8727,367348,47,7.4
s3015,1376283,173,8.1
s6024,142324,178,5.1
s7836,2370688,150,6.6
s8042,1855808,96,8.8
s2615,1370567,67,7.8
s1164,4270459,59,6.4
s6394,4586119,39,7.8
s5072,4065470,110,4.7
s5968,4704798,34,6.3
s3101,3327419,121,8.6
s3334,3672138,164,5.3
s2035,2590476,135,5.1
s3995,4279011,132,9.5
s4254,987841,56,5.2
s6027,1617053,127,5.5
s1599,1966545,48,9.6
s6131,2893940,25,8.3
s301,4597603,31,8.1
s1145,3982441,63,8.9
s8425,1257068,158,4.7
s3519,4414406,25,8.1
s8001,444274,68,6.9
s6782,4461589,40,8.8
s6493,1436980,179,6.9
s1863,1258052,41,7.6
s3140,2905994,171,6.8
s2084,2997762,18,6.8
s6387,2443293,148,8.5
s3012,3090267,19,7.6
s1360,3892323,26,7.7
s4293,1347076,77,6.6
s1158,1230887,57,7.1
s4418,1857610,120,8.3
s487,4489850,162,8.8
s1181,2798385,132,8.0
s6125,3765288,158,9.4
s2112,1974401,110,8.8
s7699,1946220,111,7.3
s7462,3188744,74,7.9
s5366,196470,60,9.4
s5329,1417223,45,7.6
s5019,1105146,90,8.8
s5660,2478081,136,8.0
s1153,3729126,97,7.2
s3919,3694843,113,5.4
s7535,4323445,24,6.5
s6063,4256419,105,9.6
s3126,3234790,176,7.8
s1738,2956495,132,7.3
s5970,4191363,10,9.4
s8544,1624833,160,7.4
s5939,2977337,131,7.1
s7502,2098891,176,8.4
s4547,1220439,135,8.1
s2466,3696804,66,5.1
s7829,697296,90,6.7
s666,1599302,171,6.7
s1920,3172951,178,6.2
s4809,1728687,82,7.0
s643,850101,150,6.4
s2996,4150612,79,5.2
s3310,2009406,15,6.4
s177,1014918,93,4.4
s5025,546758,61,7.3
s2320,4692929,12,9.0
s787,78625,90,8.2
s5587,2883552,72,6.1
s450,3481961,58,4.5
s5578,1326647,85,5.2
s6340,4092608,121,7.2
s6492,4732315,118,5.2
s338,2577576,74,7.2
s7529,366205,90,5.3
s92,3095315,24,8.9
s6845,3194480,109,6.3
s4448,4345680,41,5.4
s7975,3620834,105,8.7
s7147,2980639,137,6.0
s3321,2914781,155,4.6
s5472,4155519,122,7.3
s531,3667860,92,7.4
s5595,4402360,52,8.1
s997,4878761,125,5.4
s6952,3990285,172,6.6
s4120,4707089,87,5.6
s2073,2677144,67,4.5
s7258,2875896,42,9.1
s2099,4986792,23,8.2
s1644,2088540,171,5.7
s107,4926872,141,7.5
s5556,2789956,68,5.2
s6172,2669980,166,9.2
s1428,771384,92,4.7
s1019,569777,143,4.0
s3780,3749181,130,6.9
s132,2937698,177,7.4
s5591,4280625,92,7.4
s4907,2482593,36,4.3
s7866,4078812,89,5.8
s6725,4081464,143,6.9
s7835,3440742,22,5.3
s7661,206498,73,9.1
s3128,2937296,156,4.5
s2486,4638887,89,6.8
s3699,2786582,132,8.0
s1748,1150500,52,5.5
s4585,1626590,98,7.6
s3002,2011977,157,8.8
s2292,4082654,104,5.1
s6243,714468,160,9.3
s6280,3410160,11,7.2
s3423,3335727,129,5.7
s6990,930112,31,6.5
s695,4602994,124,5.8
s5059,3087099,66,8.2
s8723,4324277,81,8.6
s6432,4045609,16,8.8
s7088,4878426,128,9.7
s168,2092823,123,8.6
s7500,1098173,25,7.5
s368,1552025,92,6.0
s8660,2641661,81,7.2
s6903,1962584,133,4.2
s7381,3827538,122,8.3
s6136,275049,21,6.6
s836,1367191,135,4.1
s1673,2911509,62,4.4
s6146,797419,84,6.2
s5390,1129924,142,7.4
s2274,2430932,36,6.7
s7763,1704753,149,7.6
s3151,454772,154,6.8
s4709,1765499,143,7.8
s5169,621107,106,5.3
s8048,2125406,14,4.7
s4835,2567334,66,7.5
s6164,2136213,165,6.8
s5475,3408509,87,4.2
s5429,2829499,78,6.2
s8271,1963722,127,4.6
s5683,2860860,129,7.1
s7698,598884,68,6.3
s5460,2049254,42,7.6
s2200,1037471,71,8.7
s7622,4303486,59,5.7
s4481,4206532,121,9.6
s4410,1751667,28,7.1
s101,3667556,132,7.6
s4476,2917340,56,7.9
s2671,308517,176,7.9
s6081,1407133,42,7.0
s4517,755475,150,6.5
s4491,3989311,93,4.3
s2586,798013,144,4.1
s1536,2838890,88,6.1
s6585,1302078,23,5.9
s4610,4388843,156,6.2
s7686,474226,137,4.8
s6532,3717591,63,8.3
s5929,3317727,157,9.0
s5868,4167923,38,9.4
s1223,3653101,33,6.9
s4014,4944640,91,8.1
s1316,748956,72,9.0
s8061,3951529,114,6.4
s2111,3453096,66,5.8
s1466,4330669,145,9.4
s3581,804950,71,7.0
s6514,225211,166,6.9
s5936,4142966,26,5.0
s1745,4307950,75,4.6
s7931,315798,15,8.9
s4711,1580814,67,7.6
s4565,1933376,78,5.9
s1551,3941113,165,5.1
s4768,3071097,71,7.2
s6827,205683,178,7.4
s2652,3053475,91,5.2
s8060,4876563,178,8.9
s1740,4780741,80,4.5
s8349,2037755,140,6.1
s7136,1956039,19,7.9
s8292,4811260,107,5.6
s1651,1505465,98,8.8
s74,4242814,44,8.3
s6046,1044170,11,8.6
s3625,2759644,133,4.7
s5678,261830,33,4.8
s3690,3612613,83,5.7
s6525,3379049,175,7.0
s6910,4805976,31,8.3
s3396,571998,163,8.9
s4503,4110119,48,8.1
s2573,3796169,166,9.4
s4247,125388,29,8.3
s4887,1825767,50,5.8
s1127,2379753,157,5.5
s2209,1547618,117,8.0
s7950,4071080,156,5.1
s1204,4478690,93,4.5
s6548,3539443,120,7.1
s7332,2608944,75,8.8
s2132,551174,167,4.6
s2983,2931777,62,8.6
s2727,2798996,43,8.7
s2234,245246,159,6.8
s287,3746176,76,4.3
s32,2393394,143,5.0
s7330,561083,36,8.1
s4003,1062384,19,8.1
s583,916964,82,9.2
s7123,99104,105,7.4
s7018,3106277,57,4.7
s169,913663,79,4.7
s4360,4808982,109,8.2
s3465,4450072,68,5.1
s8387,1256861,11,5.9
s6415,3169612,166,6.8
s6222,2941005,74,4.1
s8711,4986600,92,5.4
s7869,4786319,163,6.4
s7875,307681,19,5.6
s3088,144018,62,4.8
s8724,2048197,88,8.2
s2516,2104780,68,8.7
s806,3489782,159,5.5
s6869,4473408,57,8.5
s1982,892186,158,6.2
s2095,4437814,132,6.9
s4551,1543293,31,9.0
s1154,2601314,109,8.3
s8282,1174905,107,8.7
s2276,3155958,167,4.8
s2877,4939196,34,4.4
s1243,3308084,37,9.2
s6290,254451,122,6.2
s4303,2030290,54,5.7
s621,3474328,77,8.2
s548,4799959,16,8.9
s3380,453322,58,9.0
s7157,4621843,146,5.8
s7753,4360796,173,8.9
s27,4127716,92,4.2
s8546,4409879,138,4.3
s1966,2140545,147,7.6
s4656,1958802,173,4.4
s6012,1598075,82,5.9
s7745,543948,55,7.9
s1972,4218962,115,6.0
s1303,3794085,169,5.0
s6087,4958240,41,5.6
s7052,830641,15,6.7
s5709,4516134,175,6.8
s2716,1604205,154,8.5
s1222,1754597,83,8.4
s8449,3815689,123,6.6
s501,2601331,36,8.9
s7396,3177748,63,4.7
s438,885036,172,5.5
s2754,2419822,94,8.8
s6450,4051070,136,6.2
s7860,2438278,162,9.7
s4483,2933791,165,6.7
s5448,4230413,120,8.6
s8084,3546605,24,6.3
s6463,4998600,141,6.5
s4274,1355487,102,6.2
s6467,358623,132,8.2
s8596,3697371,82,7.2
s4513,3346903,164,9.5
s7357,2318115,163,5.5
s6716,1240402,156,4.6
s4210,1197116,101,6.3
s4695,3006566,26,7.6
s327,3822763,52,9.0
s1040,360375,130,6.0
s3273,2176453,50,7.8
s3648,1321300,179,6.0
s6915,3709731,177,7.6
s6482,4438087,48,9.1
s2440,3892411,122,5.3
s5405,1065416,160,6.3
s1871,4913059,120,9.8
s108,2364181,56,9.0
s3541,3454231,72,7.3
s2581,3315696,119,7.0
s4895,4622148,78,5.7
s1415,4255003,52,7.0
s535,3391861,43,8.9
s2166,4778307,49,8.0
s2277,2665804,70,5.7
s5148,4362717,71,5.2
s2894,2032243,67,5.5
s5816,1742128,170,5.0
s586,3463654,84,4.6
s7900,3320209,25,6.4
s8731,265400,91,4.7
s5337,2707025,103,5.0
s2378,3374664,57,7.2
s5504,4636440,147,5.0
s1704,3644058,91,4.4
s2707,4634258,47,5.8
s6418,2185219,136,5.3
s4867,1796621,28,7.0
s492,4262377,173,4.6
s4206,4280339,72,8.4
s4620,1294625,86,9.3
s6082,283782,140,8.3
s219,4859109,111,7.1
s8219,3785466,74,9.0
s2246,1633246,129,8.0
s2856,776331,100,4.1
s3208,1844291,17,6.3
s3705,3948606,82,8.9
s3044,3032448,143,6.0
s853,4911993,116,4.2
s6744,2928117,98,8.3
